county_id,all_text
09007,"- 在2024年總統大選中，該區投票意向與全國有所不同，顯示出明顯的地方色彩。首票由國民黨的侯友宜拿下，其得票率達到62.7%。緊接著的是新興的第三勢力民眾黨的柯文哲，得票率為26.8%。相較於全國，該區的藍營優勢很明顯，兩者相差35.9個百分點。而民進黨的賴清德，其在該區的得票率只有10.5%，排名第三。
- 藍營在該區的強勢，並非一夕之間。2020年總統大選時，國民黨的韓國瑜在該區也以77.2%的得票率勝出，更在2016年，朱立倫的得票率達到68.6%。這反映出該區擁有長期的藍營基本盤。
- 在2024年的立委選舉中，該區選出了國民黨的陳雪生，政黨票方面，各黨得票率依序是國民黨64.1％、民眾黨22%，民進黨8%，此結果與總統大選類似，也顯示該區選民對國民黨有堅實的支持。
- 從社會經濟的角度來看，該區39歲以下的人口比例是16.2%。具有大學以上學歷的人口比例為23.8%，都較全國平均為高。這照理來說能夠有助於民眾黨和民進黨拿下更多票數，但明顯並未如此，反而更鞏固了國民黨的地位。該區綜合所得中位數為83萬元，為全國之冠，也許這裡的高收入群體更傾向於國民黨的政策主張。
- 投票率方面，該區為51.2%，比全國平均低了21.2個百分點。投票日當天天氣晴朗，並未影響選民出門投票。這可能代表該區的選民對政治有較低的關心度，但對國民黨支持度仍舊堅固。 "
09020,"""""- 在2024年總統大選中，該區投票意向與全國有所不同，顯示出明顯的地方色彩。首票由國民黨的侯友宜拿下，其得票率達到62.7%。緊接著的是新興的第三勢力民眾黨的柯文哲，得票率為26.8%。相較於全國，該區的藍營優勢很明顯，兩者相差35.9個百分點。而民進黨的賴清德，其在該區的得票率只有10.5%，排名第三。 """
10002,"- 在2024年總統大選中，該區助推民進黨的賴清德以44.7%領先，而國民黨的侯友宜則緊追其後，得票率為29%，民眾黨的柯文哲獲得26.3%的得票率，相較於民進黨跟國民黨，票數差距明顯。過去兩屆總統大選也都是由該區民進黨候選人當選，分別為2020年的蔡英文與2016年的蔡英文，得票率分別為63.3%與62.1%，顯示該區長期以來對於民進黨維持高度支持。
- 至於2024年立法委員選舉，該區選出了民進黨的陳俊宇，同時在政黨票方面，由民進黨以41%領先，其次為國民黨的30.1%，再來是民眾黨的22.3%，所以我們並未看到該區出現分裂投票的情況。
- 由於該區39歲以下人口佔比約為13.4%，是全國之中較年輕的縣市，卻以18.9%的大專以上學歷人口佔比，顯示出高學歷人口比例較低。而該區的綜合所得中位數為63.7萬元，列全國收入較低縣市之列，這些社經因素也可能影響投票結果。
- 最後，值得注意的是，在天氣良好的1月13日投票日，該區的投票率為70.7%，雖然相對全國低了1.7個百分點，但投票意願仍然可觀，尤其是對民進黨的支持度顯得堅實。"
10004,"- 在2024年的總統大選中，該區出現了與全國選舉結果不同的情況，國民黨的侯友宜以37％的得票率領先，旋即是民眾黨的柯文哲，與第一高票僅相差1.5個百分點以35.6％拿下第二高票。
- 在歷屆總統大選中，該區綠藍變換領先局勢，例如在2020年由國民黨的韓國瑜以47.4％領先，在2016年則由民進黨的蔡英文以42.5％領先，由此可見區內選民投票傾向的變化趨勢。
- 2024年立委選舉中，該區選出的區域立委皆為國民黨的徐欣瑩與林思銘，而政黨票首位由得票率39.3％的國民黨取得，其次來者為民眾黨和民進黨，各以28.8％和23.6％的得票率成為第二和第三。
- 該區是一個高學歷、高收入且較年輕的區域。具體來看，具有大專以上學歷的人口比例較全國平均為高，達到22.6％，而39歲以下的年輕人占比也高於全國平均，約13.7％。區內所得中位數為84.2萬元，屬於全國的高收入區。
- 投票日當日天氣晴朗，該區的投票率達到74.2％，高於全國平均投票率1.8個百分點。
- 綜合以上分析，該區選舉結果反映出選民對於政黨認同的多元化，不只有主要的兩大政黨國民黨與民進黨，新的第三勢力如民眾黨也在此區嶄露頭角。此外，由於區內人口結構較為年輕且學歷高，可能也與此區選民多元化的政黨選擇有所關連。"
10005,"- 2024年總統大選，該區與全國結果有所出入，獲得最高票的是國民黨的侯友宜，他以41.2%的得票率領先，第二高票是台灣民眾黨的柯文哲，他的得票率為30%，與第一高票差距11.2百分點。民進黨候選人賴清德，其得票率僅為28.8%，居於第三。
- 歷年來該區選情變化明顯。作為對比，2020年總統大選時，該區是由國民黨的韓國瑜領先，他的得票率達50.3％。然而在2016年總統大選，該區則是由民進黨的蔡英文領先，她的得票率達45.5％。可見該區選民的投票傾向並非固定，反映出他們的政治觀點可能會受實質政策影響。
- 2024年立委選舉的結果顯示，苗栗縣選出了無黨籍的陳超明與國民黨的邱鎮軍。在政黨票部分，國民黨以43.2％在該區取得優勢，其次是民進黨的25.3%，並且台灣民眾黨也拿下了23.3%的政黨票，仔細觀察，該區總統票、區域立委票、政黨票的第一高票政黨並不一致，反映了該區有分裂投票的狀況。
- 該區的社會經濟狀況同樣可能影響選情。39歲以下的年輕人口占比約為13.5%，這比全國的比例還要年輕。值得注意的是，該區的大學以上學歷人口占比約為19%，比全國平均低。這可能對該區選民的政策選擇有一定影響。至於該區的所得中位數為67.7萬元，相對全國來說屬於高收入區。
- 投票當天天氣良好，該區的投票率為71.3%，較全國整體投票率稍低1.1個百分點。"
10007,"- 在2024年總統大選中，該區由民進黨的賴清德以38.1%的得票率取得最高票，國民黨的侯友宜則為第二高票，獲得32.9%的票數。而新崛起的民眾黨創黨人柯文哲則為第三高票，獲得29%的選票。
- 從歷史選舉資料來看，該區在2020和2016年總統大選結果亦都以民進黨候選人為首，2020年的蔡英文得票率為57.2%，2016年則為56.5%。
- 再觀察2024年立委選舉，該區選出民進黨的陳秀寳、黃秀芳、和陳素月，以及國民黨的謝衣鳯。在政黨票的部分，則由國民黨以35.1%領先，其後為民進黨的34.6%和民眾黨的23.5%。
- 從以上結果看來，即便總統大選以民進黨為主，但立委選舉中區域立委和政黨票均有國民黨領先的情況，站在觀察者角度，可以稱該區有分裂投票的現象。
- 除此之外，該區的社會經濟背景也值得關注，39歲以下的年輕人口約佔13.9%，高於全國平均，而擁有大專以上學歷的人口佔比為18.4%，相對全國來說較低。該區的綜合所得中位數為62.2萬元，低於全國平均水平。
- 投票當天天氣晴朗，該區投票率為71.7%，較全國平均略低0.7個百分點。
- 綜觀以上資料，該區在2024年總統和立委選舉中，經歷了一次政黨更替和分裂投票的現象，這可能與該區的社會經濟背景和年輕化人口結構有所相關。"
10008,"- 2024年南投縣總統大選結果和全國結果相異，國民黨侯友宜取得第一高票38%，其後為民進黨賴清德，與全國結果相比，該區偏向國民黨，民眾黨柯文哲擁有一定的選民基礎，此次獲得第三高票26.1%。
- 從歷史選舉情況來看，2020和2016年總統大選南投縣均選擇民進黨領先，然而這次新興的民眾黨可能影響了部分原本的綠營選民。
- 在2024年立委選舉中，南投縣的區域立委投票情況對國民黨有利，國民黨取得政黨票領先。此狀況與總統大選結果相符，顯示該區選民的政黨傾向與總統大選相同，未出現分裂投票情況。
- 仔細觀察南投縣的社會經濟背景，可發現該區的具有大專以上學歷的選民比例低於全國平均，且年收入也較全國平均低。
- 投票率方面，與全國相比，南投縣的投票率低於全國平均2.1個百分點。此點也值得我們注意，低投票率可能影響各政黨的得票結構。
- 以上等數據可以看出南投縣已經進入三足鼎立，國、綠、民眾三黨競爭的局面。隨著民眾黨的崛起，未來選情走向將更加多元而值得觀察。"
10009,"- 在2024年總統大選中，民進黨賴清德以44.5%的得票率在本區領先，國民黨侯友宜為第二高票，得票率為29.3%，民眾黨柯文哲則是第三高票，得票率為26.1%。
- 相較於2024年，該區在2020年及2016年總統大選時對民進黨的支持度更為高漲，當時民進黨蔡英文的得票率分別為61.6％及63.4％。
- 立委選舉方面，2024年雲林縣選出了國民黨的丁學忠和民進黨的劉建國為區域立委。
- 在政黨票結果中，民進黨以40.8%的得票率領先，其次是國民黨的31.9%，民眾黨則以20.8%的得票率位居第三。
- 從選民樣態來看，該區39歲以下的人口比例約為12.9%，屬於年齡偏高的區域。然而具有大專以上學歷的人口比例僅為16.6%，顯示出該區的高學歷人口佔比較全國偏低，而綜合所得中位數為64.7萬元，也表明該區的收入相對全國來說較為低。
- 投票當日為晴天，該區的投票率達67.7%，下降了4.7個百分點。
- 綜合來看，雖然民進黨在總統大選及政黨票中仍然保持優勢，但與過去兩屆選舉相比，民進黨在本區的支持度有所下滑，反觀民眾黨的得票率增加，顯示出該區選民對各政黨的支持傾向正在發生變化。"
10010,"- 2024年總統大選，該區由民進黨賴清德以47.7%的得票率領先，不過相較於2016年和2020年的選舉，本區對於民進黨的支持度有所下滑。
- 國民黨的侯友宜在本區拿下29.3%的票數，成為本區第二高票，新崛起的民眾黨的柯文哲則以23%的得票率成為第三高票。
- 在立委選舉中，該區選出了兩位民進黨的區域立委，也顯示出該區對民進黨的支持。
- 該區的社會經濟背景顯示該區屬於高齡、低收入且低學歷的人口較多的縣市。
- 2024年投票當天天氣晴朗，使得投票率與全國平均一致為68.9%，但相較全國，該區的投票率較低3.5個百分點。"
10013,"- 在2024年總統大選中，該行政區民進黨賴清德以47.5%的得票率成為第一高票，國民黨侯友宜以30.8%得票率成為第二高票，兩者間的票數差距達到16.7個百分點。第三高票的民眾黨柯文哲取得21.6%的得票率。
- 該區的立委選舉結果則是由民進黨鍾佳濱與民進黨徐富癸擊敗其他競爭對手當選。在政黨票方面，民進黨以44.4％得票率排在首位，其後分別為國民黨的32.8%及民眾黨的16.4%。
- 在比較歷史選舉選情中，2020年總統大選該區由民進黨蔡英文以62.2％的票數取得勝利，另外在2016年總統大選時，同樣是民進黨蔡英文以63.5%的得票率勝出。
- 選民人口方面，該區39歲以下的選民佔人口總數比例約13.3%，是全國其中一個年齡較年輕的縣市。具有大專以上學歷的人口佔該行政區比例為17.3%，相比全國來說偏低。該區年綜合所得中位數為63.1萬元，顯示其屬於全國收入較低的縣市。
- 投票概況方面，2024年1月13日投票當天天氣偏陰，該區投票率為69.6%，比全國投票率低2.8個百分點。"
10014,"- 2024年總統大選，台東縣的第一高票由國民黨侯友宜取得，得票率為49.3%，第二高票為民進黨賴清德，得票率為27.4%；第三高票則為民眾黨的柯文哲，得票率為23.3%。 
- 對比過往選舉，包含2020年與2016年，台東縣對於總統候選人的支援一直偏向藍營。換言之，民進黨在台東縣，長期處於下風。
- 2024年立委選舉結果，台東縣選出國民黨的黃建賓。國民黨也領先於政黨票，率先獲得52.2%，接著為民進黨以24.2%，民眾黨則為17%。顯然，台東選民對於國民黨的信任度較高。
- 台東縣的選民樣態偏向年長，39歲以下人口佔比約為13%，低於全國平均。此外，教育程度以大專以上學歷佔比為15.8%，也顯示台東為學歷較低的地區。收入方面，其綜合所得中位數為62.2萬元，相對全國來講偏低。
- 投票當天天氣陰，可能影響選民投票意願，造成台東縣的投票率僅有61.4%，遠低於全國平均，少了11個百分點。"
10015,"- 2024年總統大選結果顯示，花蓮縣選民主要支持國民黨的候選人侯友宜，其得票率為50.5%，優於第二高票的民進黨候選人賴清德和民眾黨候選人柯文哲，得票率分別為24.8%和24.7%。
- 看結果來說，藍營立委候選人傅崐萁在區域立委選舉中勝出，且在政黨票方面，國民黨以52.8%也勝出，其後為民進黨21.4%，民眾黨19.6%。可見該區在總統大選和立委選舉上，藍營力量仍然顯著。
- 歷史選舉情況來看，2020年和2016年的總統大選，該區都是以國民黨候選人拿下最高得票。特別是2020年，國民黨候選人的得票率高達60.4%。
- 然而，回看2024年總統大選結果，國民黨候選人的得票率從60.4%下降到了50.5%，儘管仍為首位，卻發生明顯下滑。這或許說明花蓮縣的選民對於國民黨的支持度有所降低。
- 花蓮縣的社會經濟背景顯示，該地區民眾是較年長和學歷較低的，這或許是影響選舉結果的因素之一。綜合所得中位數為62萬元，較全國低，進一步強化這個影響。
- 投票日當天的天氣情況為陰，該區的投票率為64.9%，低於全國平均，可能天氣因素影響了部分選民出門投票的意願。"
10016,"- 在2024年的總統大選中，該區表現出了強烈的分裂投票傾向，讓民進黨賴清德以38.6%的得票率成為該區第一高票，國民黨侯友宜得票率為36.6%居次，而民眾黨的柯文哲以24.8%的得票率居第三。
- 此一結果與全國趨勢相同，但相較於民進黨在該區的歷史得票率，賴清德的得票率分別較蔡英文於2020年和2016年時下滑了15.2個及12.2個百分點。
- 位於澎湖縣的區域立委楊曜屬於民進黨，然而國民黨以38.4%的得票率在該區政黨票中取得領先，顯示出選民投票行為的分裂。
- 該區年輕人口比例較全國為高，但高學歷人口佔比較全國偏低，綜合所得中位數則較全國為高。
- 雖然1月13日天氣晴朗，但該區投票率為53.7%，明顯低於全國投票率18.7個百分點，顯示出該區可能有待提升的選民參與度。"
10017,"- 在總統大選中，國民黨候選人侯友宜以38.6%得票率領先，而民進黨賴清德與民眾黨柯文哲分別取得34.8%與26.6%的得票率。在立委選舉中，該區選出國民黨候選人林沛祥，且在政黨票部分，國民黨亦獲得39.5%的得票率，領先民進黨的31%，以及民眾黨的22.4%。
- 基隆市歷史選情中，顯示民進黨在2020年與2016年的總統大選有明顯優勢，得票率偏高。
- 基隆市比國內平均擁有較多年長選民，且有高學歷以及較低收入的特性。
- 1月13日投票當日天氣良好，該區投票率70.3%略低於全國平均，且可能與此次選舉的選情變化有所關聯。"
10018,"- 2024年新竹市總統大選和立委選舉結果顯示，民進黨賴清德以34.8%的得票率成為最高票，民眾黨柯文哲居次，以0.5個百分點差距屈居第二，國民黨侯友宜以得票率30.9%排名第三。該區選出的立委為國民黨鄭正鈐，政黨票得票率排名為國民黨31.6％、民進黨30.2%，和民眾黨29.4％。
- 該區自2016年起一向傾向支持民進黨，然而2024年總統大選時的得票率有顯著下降，顯示選民對其支持可能有所動搖。此外，民眾黨在此區的崛起，可能代表著選民對藍綠兩黨的不滿。
- 新竹市立委選舉與總統大選的投票趨向並未一致，顯示出該區存在著分裂投票的現象，選民在選擇總統和立委時，可能基於不同的考量因素。
- 社會經濟背景上，新竹市的年齡結構偏向年長，高學歷人口比率及收入水平皆較全國平均高，這可能影響了選民的政黨與候選人的選擇。
- 選舉當天天氣晴朗且無大雨，可能有助於提升投票率，此次新竹市的投票率為75%，較全國平均值略高。"
10020,"- 在2024年的總統大選中，同全國一樣，嘉義市最高票是民進黨的賴清德，得票率為43.3%，第二高票為國民黨的侯友宜，與第一名相差11.9個百分點至31.4%。此外，新興的民眾黨由柯文哲領軍，取得了25.3%的票數，勢頭不容小覷。
- 歷史選情觀察：這一地區近年來一直偏向支持民進黨，2020年總統大選，民進黨的蔡英文在該區的得票率更高達61.4%，2016年也以59.9%的支持度擊敗其他候選人。
- 對於2024年立委選舉，民進黨在這個區域也有強大的支持度，由王美惠代表出戰取得勝利。在政黨票的選舉部分，民進黨得票率為39.1%，其後為國民黨的32.4%和民眾黨的21.5%。
- 從社會經濟資料來看，嘉義市的人口偏年長，39歲以下人口佔比僅13.2%，大專以上學歷人口佔比達23.3%，顯示出這是高學歷人口佔比偏高的縣市。此外，該地區的綜合所得中位數為67.2萬元，接近全國平均。
- 至於選舉當天的氣候狀況，並無任何不利投票的天氣狀況，投票率達72.9%，超越全國平均投票率約0.5個百分點。"
63000,"- 2024年台北市總統選舉由民進黨賴清德以38.1%的得票率勝出，相同為全國結果；而國民黨侯友宜確實緊迫其後，也獲得38.1%的選票，民眾黨的柯文哲則以23.8%的得票率居於第三位。
- 歷史選情觀察，該區一直以來對民進黨有高度的支持度，在2020年與2016年的總統大選中，民進黨的蔡英文都以分別53.6%和52%的得票率拔得頭籌。
- 然而，2024年的立委選舉結果則顯示了該區的選民對政黨的支持有分裂的情形。雖然國民黨在區域立委取得四席，民進黨則獲得三席，然而在政黨票部分，國民黨以37.5%領先，民進黨則以33.4%居次，顯示選民對於黨派的選擇並非單線性的。
- 同時值得注意的是，民眾黨在該區的得票率高達21.8%。可能與該地黨魁柯文哲的影響力有關，未來需要密切觀察該黨在台北市的發展。
- 社會經濟背景方面，台北市屬於較年老且高學歷的地區，其中39歲以下與大專以上學歷的人口佔全體的11.8%與28.2%，所得申報總額中位數為79.1萬元。"
64000,"- 在2024年總統大選中，該區民進黨的賴清德以48.9%的得票率進行領先，而國民黨的侯友宜為第二高票，得票率為29.2%，兩者之間的差距為19.7個百分點。
- 在過去兩屆總統大選中，該區選民對於民進黨均有較高支持度，2020年及2016年，民進黨總統候選人蔡英文分別以62.2%和63.4%的得票率獲得該區選民的認同。
- 第三勢力民眾黨的柯文哲在2024年總統大選中獲得21.9%的得票率，相較於傳統的兩大黨，展現了其在選民中的影響力。
- 2024年立委選舉中，該區選出的區域立委皆屬於民進黨，對民進黨的支持度顯然較高。同時在政黨票方面，民進黨也以44.9%的得票率領先，其次是國民黨的30.6%，民眾黨則以17.5%的得票率在該區排名第三。
- 在社會經濟背景上，該區的39歲以下人口佔比約為13.1%，相比全國是一個年齡結構較為年長的區域。該區具有大專以上學歷的人口佔比約為21.5%，高於全國平均，顯示在該區的學歷比例較高。綜合所得中位數為67.6萬元，與全國相當接近。
- 在投票率與天氣方面，2024年選舉日該區為晴天，投票率為71.2%，低於全國平均投票率（72.4%）1.2個百分點。"
65000,"- 在2024年的台灣總統大選中，新北市的選情與全國傾向相符，綠營候選人賴清德以38.6%的得票率獲得該區最高票，高於藍營候選人侯友宜的35.2%以3.4百分點領先；新興的民眾黨創黨人柯文哲則以26.2%的得票率獲得第三高票。 
- 若以歷史選舉結果來看，新北市選民對於綠營的支持明顯減少，2020與2016年該綠營得票率分別為56.5%與54.8%，而其政黨票在這次選舉中同樣呈現下滑的趨勢。
- 在2024年的立委選舉中，新北市共選出六位綠營和六位藍營的區域立委，而在政黨票方面卻呈現藍營領先的情況，得票率為35.1%，緊接著是綠營的34.8%、民眾黨的22.9%。
- 在社會經濟背景部分，新北市特別以具有大專以上學歷人口佔比約為22.4％與綜合所得中位數為68.1萬元這兩點脫穎而出，顯示在新北市有大量的年輕高學歷與高收入人口，且與全國比較，新北市在39歲以下人口的比例和收入都較高。
- 最後，在2024年的選舉當天，新北市的投票率達73.1%，比全國投票率高出0.7個百分點，顯示投票意識較全國平均為強，可能和該區的年輕、高學歷與收入較高的人口結構有關。"
66000,"- 在2024年的總統大選中，台中市的選民主要支持民進黨的賴清德，得票率達37.6%，領先藍營的侯友宜5.2個百分點，並接續2020年和2016年的選舉結果，該區依然顯現出對綠營的支持。
- 該年的立委選舉中，國民黨在台中市取得了6席立委，民進黨則取得2席，且在政黨票方面，國民黨以34.2%領先。
- 總統與立委選舉的結果顯現出台中市人民對於國民黨和民進黨可能有分裂的投票傾向。
- 從社會經濟數據來看，台中市的選民年齡以39歲以下為主，且大專以上學歷人口佔比約為22.1%，可視為學歷偏高的縣市。
- 投票率達74.3%，比全國投票率高出1.9個百分點，晴天的天氣可能有助於提高投票率。"
67000,"- 在2024年的總統大選中，該區由民進黨賴清德以51%的得票率獲勝，超越國民黨侯友宜的25.6%和民眾黨柯文哲的23.4%。
- 這項結果延續了該區自2016年以來對民進黨的支持，2016年與2020年總統選擇，蔡英文均以超過67%的得票率在該區取勝。
- 來看2024年立委選舉結果，該區選出的6位區域立委全由民進黨候選人贏得。對於政黨票方面，民進黨也以46%領先，國民黨及民眾黨分別拿下26.8%與19.4%。
- 從社會經濟背景來看，該區39歲以下的年輕人口佔比約為13.2%，比全國平均還要低，顯示該區為較年長的縣市。該區的高學歷人口比例偏高，達21.2%，綜合所得中位數為67.5萬元，與全國平均相若。
- 投票當天的天氣晴朗，投票率為71.8%，僅低於全國平均投票率0.6個百分點。"
68000,"- 根據2024年總統大選結果，該區的選情與全國結果相同，最高票為民進黨的賴清德，得票率為35.3%，跟隨其後的是國民黨侯友宜與民眾黨柯文哲，前二者相差1.2個百分點。 - 轉向立委選舉，國民黨取得該區所有席次而且在政黨票上也領先，展現出其在地區內的深厚影響力。然而，與總統選舉的投票結果相比，可見該區選民有明顯的分裂投票傾向。
- 回顧歷史選情，該區在過去兩屆總統大選中，均以民進黨為首選，這次的狀況則與以往有所不同。可見該區選民的政黨偏好正在發生微妙變化。特別值得注意的是，民眾黨的柯文哲在本次選舉中票數不低，得票率30.6%，可見其在該區有相當高的支持度。
- 社會經濟背景方面，該區的核心選民體系可能是年輕且高學歷的人群，加上所得中位數為71.3萬元，遠高於全國平均，顯示該區為一經濟繁榮及教育程度優秀的區域。這些因素可能對該區選情有所影響。
- 最後對於投票率與天氣的關係，1月13日選舉日天氣晴朗，該區投票率73.1%，比全國投票率高出0.7個百分點。"